"","foto_mes","BAJA+1","BAJA+2","CONTINUA","r_baja1","r_baja2"
"1",201802,1127,1131,231590,0.00481936984708015,0.00483647497519756
